Blade Angle,n11,Q11,Efficiency
1,37.8,0.12,0.11020273
1,47.3,0.12,0.070119515
1,56.7,0.12,0.033815213
1,66.2,0.12,0.009807996
1,28.3,0.35,0.187679186
1,37.8,0.35,0.242390603
1,47.2,0.35,0.237782285
1,56.6,0.35,0.16476202
1,66.1,0.35,0.065100878
1,28.3,0.58,0.090979993
1,56.7,0.58,0.173460335
1,28.3,0.81,0.006109564
1,66.1,0.81,0.059437606
